<settings>
	<setting name="names">
		<item key="0x000000" value="water" />
		<item key="0xffffff" value="ground" />
		<item key="0x333300" value="rig_topleft" />
		<item key="0x333301" value="rig_topright" />
		<item key="0x333302" value="rig_botleft" />
		<item key="0x333303" value="rig_botright" />
	</setting>
	
	<setting name="sprites">
	  <item key="water" value="0" />
	  <item key="ground" value="1" />
	  <item key="rig_topleft" value="2" />
	  <item key="rig_topright" value="3" />
	  <item key="rig_botleft" value="4" />
	  <item key="rig_botright" value="5" />
	  <item key="seedbed" value="14" />
	  <item key="bridgemark" value="20" />
	  <item key="forbidmark" value="21" />
	  <item key="guardmark" value="22" />
	  <item key="destroymark" value="23" />
	</setting>
</settings>